-- phpMyAdmin SQL Dump
-- version 4.0.10.10
-- http://www.phpmyadmin.net
--
-- –•–æ—Å—Ç: 127.0.0.1:3306
-- –í—Ä–µ–º—è —Å–æ–∑–¥–∞–Ω–∏—è: –Ø–Ω–≤ 26 2016 –≥., 08:07
-- –í–µ—Ä—Å–∏—è —Å–µ—Ä–≤–µ—Ä–∞: 5.6.26
-- –í–µ—Ä—Å–∏—è PHP: 5.4.44

SET SQL_MODE = "NO_AUTO_VALUE_ON_ZERO";
SET time_zone = "+00:00";


/*!40101 SET @OLD_CHARACTER_SET_CLIENT=@@CHARACTER_SET_CLIENT */;
/*!40101 SET @OLD_CHARACTER_SET_RESULTS=@@CHARACTER_SET_RESULTS */;
/*!40101 SET @OLD_COLLATION_CONNECTION=@@COLLATION_CONNECTION */;
/*!40101 SET NAMES utf8 */;

--
-- –ë–∞–∑–∞ –¥–∞–Ω–Ω—ã—Ö: `synoptic`
--

-- --------------------------------------------------------

--
-- –°—Ç—Ä—É–∫—Ç—É—Ä–∞ —Ç–∞–±–ª–∏—Ü—ã `locations`
--

CREATE TABLE IF NOT EXISTS `locations` (
  `id` int(10) NOT NULL AUTO_INCREMENT,
  `name` varchar(50) NOT NULL,
  `geom` point NOT NULL,
  `source_id` int(10) DEFAULT NULL,
  `temperature` decimal(3,1) DEFAULT NULL,
  `population` int(11) DEFAULT NULL,
  PRIMARY KEY (`id`),
  KEY `population` (`population`),
  KEY `sorce_id` (`source_id`),
  KEY `name` (`name`)
) ENGINE=InnoDB  DEFAULT CHARSET=utf8 AUTO_INCREMENT=35 ;

--
-- –î–∞–º–ø –¥–∞–Ω–Ω—ã—Ö —Ç–∞–±–ª–∏—Ü—ã `locations`
--

INSERT INTO `locations` (`id`, `name`, `geom`, `source_id`, `temperature`, `population`) VALUES
(1, '–ö–∏—ó–≤1', '\0\0\0\0\0\0\0›7‡Ûá>@Ù¡26t3I@', 4, '-10.0', 2804000),
(2, '–Ü—Ä–ø—ñ–Ω—å', '\0\0\0\0\0\0\0Rêh=>@›]gC˛AI@', 7, '-12.0', 42924),
(3, '–ú–∞–≥–∞–¥–∞–Ω', '\0\0\0\0\0\0\0öôôôôŸb@ÏŸsôö»M@', NULL, '-20.4', 95263);

-- --------------------------------------------------------

--
-- –°—Ç—Ä—É–∫—Ç—É—Ä–∞ —Ç–∞–±–ª–∏—Ü—ã `locations_i18n`
--

CREATE TABLE IF NOT EXISTS `locations_i18n` (
  `id` int(10) NOT NULL AUTO_INCREMENT,
  `location_id` int(10) NOT NULL,
  `name` varchar(50) NOT NULL,
  `lang_code` char(3) DEFAULT NULL,
  PRIMARY KEY (`id`),
  UNIQUE KEY `locale_for_location` (`location_id`,`lang_code`),
  KEY `name` (`name`),
  KEY `location_id` (`location_id`)
) ENGINE=InnoDB  DEFAULT CHARSET=utf8 AUTO_INCREMENT=31 ;

--
-- –î–∞–º–ø –¥–∞–Ω–Ω—ã—Ö —Ç–∞–±–ª–∏—Ü—ã `locations_i18n`
--

INSERT INTO `locations_i18n` (`id`, `location_id`, `name`, `lang_code`) VALUES
(1, 1, '–ö–∏—ó–≤', 'ua'),
(2, 1, 'Kiev', 'en'),
(3, 2, '–Ü—Ä–ø—ñ–Ω—å', 'ua'),
(4, 2, 'Irpen', 'en'),
(5, 3, '–ú–∞–≥–∞–¥–∞–Ω', 'ua'),
(6, 3, 'Magadan', 'en'),
(7, 1, '–ö–∏–µ–≤', 'ru'),
(8, 2, '–ò—Ä–ø–µ–Ω—å', 'ru'),
(9, 3, '–ú–∞–≥–∞–¥–∞–Ω', 'ru');

-- --------------------------------------------------------

--
-- –°—Ç—Ä—É–∫—Ç—É—Ä–∞ —Ç–∞–±–ª–∏—Ü—ã `sources`
--

CREATE TABLE IF NOT EXISTS `sources` (
  `id` int(10) NOT NULL AUTO_INCREMENT,
  `geom` point NOT NULL,
  `name` varchar(50) NOT NULL,
  PRIMARY KEY (`id`),
  KEY `name` (`name`)
) ENGINE=InnoDB  DEFAULT CHARSET=utf8 AUTO_INCREMENT=10 ;

--
-- –î–∞–º–ø –¥–∞–Ω–Ω—ã—Ö —Ç–∞–±–ª–∏—Ü—ã `sources`
--

INSERT INTO `sources` (`id`, `geom`, `name`) VALUES
(4, '\0\0\0\0\0\0\0–’VÏ/{>@·zÆGAI@', '–æ–∑. –û–ø–µ—á–µ–Ω—å (–≥. –ö–∏–µ–≤)'),
(5, '\0\0\0\0\0\0\0æü\Z/›‰>@îÖØØu+I@', '–ê—ç—Ä–æ–ø–æ—Ä—Ç –ë–æ—Ä–∏—Å–ø–æ–ª—å'),
(6, '\0\0\0\0\0\0\0€˘~jº‘=@æü\Z/›I@', '—Å. –ü—Ä–∏—à–∏–≤–∞–ª—å–Ω—è (–ö–∏–µ–≤—Å–∫–∞—è –æ–±–ª., –§–∞—Å—Ç–æ–≤—Å–∫–∏–π —Ä-–Ω)'),
(7, '\0\0\0\0\0\0\0Ò∏®1>@¿@ CMI@', '–ê—ç—Ä–æ–ø–æ—Ä—Ç –ì–æ—Å—Ç–æ–º–µ–ª—å');

--
-- –û–≥—Ä–∞–Ω–∏—á–µ–Ω–∏—è –≤–Ω–µ—à–Ω–µ–≥–æ –∫–ª—é—á–∞ —Å–æ—Ö—Ä–∞–Ω–µ–Ω–Ω—ã—Ö —Ç–∞–±–ª–∏—Ü
--

--
-- –û–≥—Ä–∞–Ω–∏—á–µ–Ω–∏—è –≤–Ω–µ—à–Ω–µ–≥–æ –∫–ª—é—á–∞ —Ç–∞–±–ª–∏—Ü—ã `locations`
--
ALTER TABLE `locations`
  ADD CONSTRAINT `locations_ibfk_1` FOREIGN KEY (`source_id`) REFERENCES `sources` (`id`) ON DELETE SET NULL ON UPDATE CASCADE;

--
-- –û–≥—Ä–∞–Ω–∏—á–µ–Ω–∏—è –≤–Ω–µ—à–Ω–µ–≥–æ –∫–ª—é—á–∞ —Ç–∞–±–ª–∏—Ü—ã `locations_i18n`
--
ALTER TABLE `locations_i18n`
  ADD CONSTRAINT `locations_i18n_ibfk_1` FOREIGN KEY (`location_id`) REFERENCES `locations` (`id`) ON DELETE CASCADE ON UPDATE CASCADE;

/*!40101 SET CHARACTER_SET_CLIENT=@OLD_CHARACTER_SET_CLIENT */;
/*!40101 SET CHARACTER_SET_RESULTS=@OLD_CHARACTER_SET_RESULTS */;
/*!40101 SET COLLATION_CONNECTION=@OLD_COLLATION_CONNECTION */;
